{
  "states": [
    [
      0.8733333333333333,
      0.0,
      0.8733333333333333,
      -1.0,
      1.2246467991473532e-16
    ],
    [
      0.8633333333333333,
      0.0,
      0.8633333333333333,
      -1.0,
      1.2246467991473532e-16
    ],
    [
      0.8533333333333334,
      0.0,
      0.8533333333333334,
      -1.0,
      1.2246467991473532e-16
    ],
    [
      0.8433333333333334,
      0.0,
      0.8433333333333334,
      -1.0,
      1.2246467991473532e-16
    ],
    [
      0.8333333333333334,
      0.0,
      0.8333333333333334,
      -1.0,
      1.2246467991473532e-16
    ],
    [
      0.8233333333333334,
      0.0,
      0.8233333333333334,
      -1.0,
      1.2246467991473532e-16
    ],
    [
      0.8133333333333334,
      0.0,
      0.8133333333333334,
      -1.0,
      1.2246467991473532e-16
    ],
    [
      0.8033333333333333,
      0.0,
      0.8033333333333333,
      -1.0,
      1.2246467991473532e-16
    ],
    [
      0.7933333333333333,
      0.0,
      0.7933333333333333,
      -1.0,
      1.2246467991473532e-16
    ],
    [
      0.7833333333333333,
      0.0,
      0.7833333333333333,
      -1.0,
      1.2246467991473532e-16
    ],
    [
      0.7833333333333333,
      0.0,
      0.7833333333333333,
      -1.0,
      1.2246467991473532e-16
    ]
  ],
  "actions": [
    [
      1,
      0,
      0,
      0
    ],
    [
      1,
      0,
      0,
      0
    ],
    [
      1,
      0,
      0,
      0
    ],
    [
      1,
      0,
      0,
      0
    ],
    [
      1,
      0,
      0,
      0
    ],
    [
      1,
      0,
      0,
      0
    ],
    [
      1,
      0,
      0,
      0
    ],
    [
      1,
      0,
      0,
      0
    ],
    [
      1,
      0,
      0,
      0
    ],
    [
      1,
      0,
      0,
      0
    ],
    [
      1,
      0,
      0,
      0
    ]
  ],
  "rewards": [
    0.0,
    0.0,
    0.0,
    0.0,
    0.0,
    0.0,
    0.0,
    0.0,
    0.0,
    0.0,
    -10
  ],
  "dones": [
    false,
    false,
    false,
    false,
    false,
    false,
    false,
    false,
    false,
    false,
    true
  ],
  "timestamps": [
    1.0010170936584473,
    1.017561912536621,
    1.0335230827331543,
    1.0500540733337402,
    1.066561222076416,
    1.0825769901275635,
    1.0985925197601318,
    1.1150932312011719,
    1.1311020851135254,
    1.147667407989502,
    1.164165735244751
  ],
  "metadata": {
    "episode_start": 1750271226.3560743,
    "player_speed": 3,
    "map_geometry": {
      "outer_radius": 300,
      "inner_radius": 230
    }
  }
}