{
  "states": [
    [
      0.8733333333333333,
      0.01,
      0.8733905833652612,
      -0.999934450825303,
      0.01144963111632035
    ],
    [
      0.8633333333333333,
      0.02,
      0.8635649624923677,
      -0.9997317756404036,
      0.023159809474294978
    ],
    [
      0.8533333333333334,
      0.03,
      0.8538605142397544,
      -0.999382591304283,
      0.03513454422554116
    ],
    [
      0.8433333333333334,
      0.04,
      0.8442814170115975,
      -0.9988770525334787,
      0.04737756770909781
    ],
    [
      0.8333333333333334,
      0.05,
      0.8348319857578796,
      -0.9982048454657787,
      0.059892290727947044
    ],
    [
      0.8233333333333334,
      0.06,
      0.8255166732282139,
      -0.9973551837707376,
      0.07268175428288803
    ],
    [
      0.8133333333333334,
      0.07,
      0.8163400707493852,
      -0.9963168077572234,
      0.08574857771681026
    ],
    [
      0.8033333333333333,
      0.08,
      0.8073069084582668,
      -0.9950779869671598,
      0.09909490326643926
    ],
    [
      0.7933333333333333,
      0.09,
      0.7984220549169329,
      -0.9936265267820927,
      0.11272233707191831
    ],
    [
      0.7833333333333333,
      0.1,
      0.7896905160321422,
      -0.991949779603849,
      0.12663188675793824
    ],
    [
      0.7833333333333333,
      0.1,
      0.7896905160321422,
      -0.991949779603849,
      0.12663188675793824
    ]
  ],
  "actions": [
    [
      1,
      0,
      0,
      1
    ],
    [
      1,
      0,
      0,
      1
    ],
    [
      1,
      0,
      0,
      1
    ],
    [
      1,
      0,
      0,
      1
    ],
    [
      1,
      0,
      0,
      1
    ],
    [
      1,
      0,
      0,
      1
    ],
    [
      1,
      0,
      0,
      1
    ],
    [
      1,
      0,
      0,
      1
    ],
    [
      1,
      0,
      0,
      1
    ],
    [
      1,
      0,
      0,
      1
    ],
    [
      1,
      0,
      0,
      1
    ]
  ],
  "rewards": [
    0.00036446104115651635,
    0.0007372655504856107,
    0.001118597497439433,
    0.001508639568462311,
    0.0019075724235836256,
    0.0023155738759708332,
    0.002732817990591652,
    0.0031594740985083527,
    0.003595705723835041,
    0.004041669421049588,
    -10
  ],
  "dones": [
    false,
    false,
    false,
    false,
    false,
    false,
    false,
    false,
    false,
    false,
    true
  ],
  "timestamps": [
    0.02443218231201172,
    0.040445566177368164,
    0.05694174766540527,
    0.07397866249084473,
    0.0909881591796875,
    0.10849475860595703,
    0.1250324249267578,
    0.14105463027954102,
    0.15755987167358398,
    0.17358827590942383,
    0.19010543823242188
  ],
  "metadata": {
    "episode_start": 1750271522.4587893,
    "player_speed": 3,
    "map_geometry": {
      "outer_radius": 300,
      "inner_radius": 230
    }
  }
}