{"states": [[0.8733333333333333, 0.0, 0.8733333333333333, -1.0, 1.2246467991473532e-16], [0.8633333333333333, 0.0, 0.8633333333333333, -1.0, 1.2246467991473532e-16], [0.8533333333333334, 0.0, 0.8533333333333334, -1.0, 1.2246467991473532e-16], [0.8433333333333334, 0.0, 0.8433333333333334, -1.0, 1.2246467991473532e-16], [0.8333333333333334, 0.0, 0.8333333333333334, -1.0, 1.2246467991473532e-16], [0.8233333333333334, 0.0, 0.8233333333333334, -1.0, 1.2246467991473532e-16], [0.8133333333333334, 0.0, 0.8133333333333334, -1.0, 1.2246467991473532e-16], [0.8033333333333333, 0.0, 0.8033333333333333, -1.0, 1.2246467991473532e-16], [0.7933333333333333, 0.0, 0.7933333333333333, -1.0, 1.2246467991473532e-16], [0.7833333333333333, 0.0, 0.7833333333333333, -1.0, 1.2246467991473532e-16], [0.7833333333333333, 0.0, 0.7833333333333333, -1.0, 1.2246467991473532e-16]], "actions": [[1, 0, 0, 0], [1, 0, 0, 0], [1, 0, 0, 0], [1, 0, 0, 0], [1, 0, 0, 0], [1, 0, 0, 0], [1, 0, 0, 0], [1, 0, 0, 0], [1, 0, 0, 0], [1, 0, 0, 0], [1, 0, 0, 0]], "rewards": [0.0, 0.0, 0.0, 0.0, 0.0, 0.0, 0.0, 0.0, 0.0, 0.0, -10], "dones": [false, false, false, false, false, false, false, false, false, false, true]}